position,noise_power_dbm,mu,sigma,kl_mean,kl_std,kl_samples
"(0.1,0.1,1)",-25,-13.2939,0.324581,0.49969787970598506,0.3963851014848665,1075
"(0.1,0.1,3)",-25,-14.6653,0.209464,0.14853411449659457,0.12011028730225803,1075
"(0.1,0.1,5)",-25,-15.5045,0.187588,0.04220372419956368,0.03859285172250014,1075
"(0.1,0.1,1)",-22.5,-13.2939,0.324581,0.3985797207652552,0.3273543216024782,1075
"(0.1,0.1,3)",-22.5,-14.6653,0.209464,0.10534524583744698,0.08912047527034236,1075
"(0.1,0.1,5)",-22.5,-15.5045,0.187588,0.023845353421948035,0.021927562914444296,1075
"(0.1,0.1,1)",-20,-13.2939,0.324581,0.3187583031411273,0.2684352594072836,1075
"(0.1,0.1,3)",-20,-14.6653,0.209464,0.06869837811130718,0.060427536162910335,1075
"(0.1,0.1,5)",-20,-15.5045,0.187588,0.012902518360091686,0.011104249183552815,1075
"(0.1,0.1,1)",-17.5,-13.2939,0.324581,0.2524338787477191,0.2110349630217338,1075
"(0.1,0.1,3)",-17.5,-14.6653,0.209464,0.04251416690047154,0.040003019128662144,1075
"(0.1,0.1,5)",-17.5,-15.5045,0.187588,0.007552212370717567,0.004954580691808257,1075
"(0.1,0.1,1)",-15,-13.2939,0.324581,0.19249296684169595,0.16094680137308123,1075
"(0.1,0.1,3)",-15,-14.6653,0.209464,0.024384599431168868,0.023073709816664137,1075
"(0.1,0.1,5)",-15,-15.5045,0.187588,0.005361719324266014,0.002739011859496346,1075
"(0.1,0.1,1)",-12.5,-13.2939,0.324581,0.15023099118804709,0.1280309950702465,1075
"(0.1,0.1,3)",-12.5,-14.6653,0.209464,0.012618132520910956,0.011199899030621787,1075
"(0.1,0.1,5)",-12.5,-15.5045,0.187588,0.004737441490496104,0.0021693454448287377,1075
"(0.1,0.1,1)",-10,-13.2939,0.324581,0.10641122475043545,0.09513665715732655,1075
"(0.1,0.1,3)",-10,-14.6653,0.209464,0.007590539140592253,0.005099220400515466,1075
"(0.1,0.1,5)",-10,-15.5045,0.187588,0.004495933304704813,0.0020382548376905504,1075
