scheme,noise_power_dbm,snr_db,images,human_iou,vehicle_iou,miou,pixel_accuracy,active_symbols,sparsity_ratio,tx_energy_mean,energy_match_max_relative_error,kl_mean,kl_std,kl_samples
sparse,-25,25,1075,0.714073464376477,0.6961762788314777,0.7051245190417177,0.9850088247508305,580.1023255813953,0.7167469113372094,580.1023331185274,3.0517580285049917e-07,0.5677077567119488,0.43753879757445385,1075
dense,-25,25,1075,0.7139501768992537,0.694645926979534,0.7042976997905438,0.9849941415519696,2047.9972093023255,1.3626453488901902e-06,2048.0000013626454,3.0517580285049917e-07,1.8979168653749432,0.42060524358677226,1075
energy_matched,-25,25,1075,0.7120731555892873,0.6932727051270727,0.7026725790218905,0.9849318306537731,2047.9972093023255,1.3626453488901902e-06,580.1023413653706,3.0517580285049917e-07,1.2042797274832764,0.6110566337813663,1075
sparse,-22.5,22.5,1075,0.7146025607266178,0.6960341374291185,0.7053179964188698,0.9850291624644044,583.7125581395348,0.7149841024709302,583.7125673657795,2.4685604671503825e-07,0.4372458177074996,0.3502710928986241,1075
dense,-22.5,22.5,1075,0.7135595133236023,0.6945004834181678,0.7040296463560619,0.9849737296808259,2047.9972093023255,1.3626453488901902e-06,2048.0000013626454,2.4685604671503825e-07,1.6602688457805967,0.3610025561308916,1075
energy_matched,-22.5,22.5,1075,0.7120436714989704,0.6921709457860165,0.7021069575890145,0.9849097131585193,2047.9972093023255,1.3626453488901902e-06,583.7125780114462,2.4685604671503825e-07,0.9732483786145535,0.5603370186486551,1075
sparse,-20,20,1075,0.7134751880096687,0.6955346741016597,0.7045045788033747,0.9849711341658757,587.6697674418605,0.713051871366279,587.6697756745094,2.483627952187817e-07,0.35269782619098444,0.2903632785834179,1075
dense,-20,20,1075,0.7128727459077877,0.6934016879519754,0.7031368653614488,0.9849401177622211,2047.9972093023255,1.3626453488901902e-06,2048.0000013626454,2.483627952187817e-07,1.3742890356592798,0.34200173669931466,1075
energy_matched,-20,20,1075,0.7118293350728123,0.692298523696952,0.702063578353093,0.9848948631051258,2047.9972093023255,1.3626453488901902e-06,587.6697823599882,2.483627952187817e-07,0.7636685046914019,0.5102960535098348,1075
sparse,-17.5,17.5,1075,0.7126276042870907,0.6958531243897653,0.7042400122184219,0.9849574706336023,593.6948837209302,0.7101099200581396,593.6948883766352,2.361127968697474e-07,0.28577714312584235,0.23663989000826,1075
dense,-17.5,17.5,1075,0.7124091056656668,0.6943425033364435,0.7033754528133287,0.9849346486414333,2047.9972093023255,1.3626453488901902e-06,2048.0000013626454,2.361127968697474e-07,1.1282450242382553,0.33494533088801587,1075
energy_matched,-17.5,17.5,1075,0.7107802537108188,0.691333984191639,0.7010567684228447,0.9848344246855719,2047.9972093023255,1.3626453488901902e-06,593.6948949627543,2.361127968697474e-07,0.5822033252431167,0.428121989328199,1075
sparse,-15,15,1075,0.7104436806200954,0.6932965886685948,0.7018697837094532,0.9848192780018984,601.9990697674418,0.7060551417151163,601.9990763819495,2.3497656798099342e-07,0.22186864457641461,0.1830325180252363,1075
dense,-15,15,1075,0.7119510339496287,0.6934650722102141,0.7027077017260706,0.9848951597354058,2047.9972093023255,1.3626453488901902e-06,2048.0000013626454,2.3497656798099342e-07,0.8678193456182985,0.29733648796472,1075
energy_matched,-15,15,1075,0.7090642093454604,0.6899718728743117,0.6995176913510402,0.9847369630991931,2047.9972093023255,1.3626453488901902e-06,601.9990814634812,2.3497656798099342e-07,0.4360590531217788,0.3570917471689547,1075
sparse,-12.5,12.5,1075,0.7082486843357405,0.6905899855786557,0.6994189852477054,0.9846639549715235,608.0353488372093,0.7031077398255814,608.0353573821312,2.741099649483658e-07,0.17195879734227448,0.1460253442218168,1075
dense,-12.5,12.5,1075,0.7094830147017511,0.6923194731596632,0.7009008934802604,0.9847823475320361,2047.9972093023255,1.3626453488901902e-06,2048.0000013626454,2.741099649483658e-07,0.6611918657338395,0.27988250845479107,1075
energy_matched,-12.5,12.5,1075,0.7049299310347144,0.6872237403258917,0.6960764876420592,0.9845280056063123,2047.9972093023255,1.3626453488901902e-06,608.0353611436001,2.741099649483658e-07,0.3078166815088731,0.288757739755144,1075
sparse,-10,10,1075,0.7034049941141762,0.689291737670134,0.6963480177181461,0.9844458204793546,616.1590697674419,0.6991410792151163,616.1590779717023,2.6927276053356763e-07,0.12279729319683566,0.10768888670432303,1075
dense,-10,10,1075,0.7071887181967829,0.6890276031869687,0.6981078116379699,0.9846073912850024,2047.9972093023255,1.3626453488901902e-06,2048.0000013626454,2.6927276053356763e-07,0.46855213094852965,0.23529730353344838,1075
energy_matched,-10,10,1075,0.7006184031165362,0.6850753477582856,0.6928465290141463,0.9842895890187471,2047.9972093023255,1.3626453488901902e-06,616.1590861901572,2.6927276053356763e-07,0.1993466377444259,0.20330881040700136,1075
